sentiment,text,user
"positive","Interesting new publication by the $LYEL team refer to inhibition of AKT as a way of increasing T Cell Stemness as‚Ä¶ https://t.co/93TYuuzbRB","biotech_chris"
"neutral","@SongbirdTam_83 .@Pfizer vaccine DOES NOT cause Myocarditis in children above baseline levels ..... or in adults\n\nA‚Ä¶ https://t.co/Mu8nUf7Nub","PLHartungRN"
"neutral","@soncharm @rweingarten @daniela127 @nanalatinaAA @DOEChancellor @AppletoZucchini @Chalkbeat Remember folks. He‚Äôs ta‚Ä¶ https://t.co/nFKzdxFtWZ","DesignTileLLC"
"neutral","Lowongan Kerja PT Telkom Dibuka hingga Akhir Tahun, Ini Posisi dan Cara Daftarnya - Kompas TV: PT Telkom Indonesia‚Ä¶ https://t.co/ymNpXES2Tr","bursakerja20"
"positive","@Feelings21Not @AlgorLandon @GolfOutsider @ProFootballTalk Listen to people less and read data more. Tell me the da‚Ä¶ https://t.co/E8Ra98td3m","southbaytrading"
"positive","RT @UrnovFyodor: .@jessicawapner wrote a superb book, Philadelphia Chromosome, on science-and-clinical-trial-data-based origins of gleevec.‚Ä¶","JocelynnPearl"
"positive",".@jessicawapner wrote a superb book, Philadelphia Chromosome, on science-and-clinical-trial-data-based origins of g‚Ä¶ https://t.co/RZxys9Pqou","UrnovFyodor"
"neutral","RT @alexkyllo: Software engineering for data science is such a glaring, unsolved problem. I've worked for years at the intersection of the‚Ä¶","sehyo"
"negative","RT @UnlockBiz: Through the synergistic collaboration of Data, Mathematics, and Computers, Data Science allows us to attribute explicit mean‚Ä¶","trohil"
"neutral","RT @freeCodeCamp: Algorithms and data structures are two of the fundamental topics in computer science. \n\nAll programmers will encounter th‚Ä¶","DanKornas"
"positive","RT @milos_agathon: My new map shows the % of female researchers in Europe, according to UNESCO data. Link to the data source is in the map‚Ä¶","cufri"
"positive","RT @ayanaeliza: @Joelscotthalkes @gailbradbrook Turns out there is social science data proving gender equality is *necessary* for successfu‚Ä¶","jwaggo"
"neutral","@mRNA_Death_Toll .@Pfizer vaccine DOES NOT cause Myocarditis in children above baseline levels ..... or in adults‚Ä¶ https://t.co/hFCkLxdyV3","PLHartungRN"
"neutral","@Sophistibitch @KateClancy @lindajones @devivo Kate blocked me.  ü§£ü§£ meanwhile, I'm trying to gather data for vaccin‚Ä¶ https://t.co/syaylo142Z","JWaltersFemale"
"neutral","RT @ALSALHAN: Application of data science.\n\n #100Daysofcode  #programming  #CodeNewbie #python #reactjs #bugbounty #DataScience #infosec #g‚Ä¶","SheerazAkramPhD"
"neutral","RT @VivekSubbiah: üéØü•Å Just in time publication for @ctosociety #CTOS2021 meeting @PestanaRC üëâ Discovery of targeted expression data for nove‚Ä¶","PTarantinoMD"
"negative","Don‚Äôt Waste Time Doing a Data Science Project for the WRONG Reasons \n#datascience #Careeradvice \nhttps://t.co/XqtobbVEH7","DataScienceHarp"
"positive","RT @milos_agathon: My new map shows the % of female researchers in Europe, according to UNESCO data. Link to the data source is in the map‚Ä¶","abertrotzdem"
"neutral","@Tess_Machling @Toby_Driver1 @TactileArchaeol I spoke to Peter about something really similar when he was putting f‚Ä¶ https://t.co/n1wrmkvDtS","PeterReavill"
"neutral","RT @NSFVoyager2: Changed my data transmission rate from Science Cruise to Engineering Low (160 to 40 bps) FDS:MRO XB EL-40 (2021:311:131600‚Ä¶","PeeverShawn"
"negative","RT @sandy_brighton: Why does this over-simplified graphic using questionable data get so much coverage now? My younger friends just take it‚Ä¶","snowy_burger01"
"neutral","@DrP_MD .@Pfizer vaccine DOES NOT cause Myocarditis in children above baseline levels ..... or in adults\n\nAnti-VAXX‚Ä¶ https://t.co/rFmeJpppCR","PLHartungRN"
"positive","RT @yruprashant: hey guys, This is my day 1 of #100DaysOfCode challenge\nI'll be notifying my work on  Django , data science and more throug‚Ä¶","codefor30days"
"positive","RT @yruprashant: hey guys, This is my day 1 of #100DaysOfCode challenge\nI'll be notifying my work on  Django , data science and more throug‚Ä¶","RobotProud"
"positive","RT @yruprashant: hey guys, This is my day 1 of #100DaysOfCode challenge\nI'll be notifying my work on  Django , data science and more throug‚Ä¶","_FunBot"
"positive","hey guys, This is my day 1 of #100DaysOfCode challenge\nI'll be notifying my work on  Django , data science and more‚Ä¶ https://t.co/WrjuO9giJM","yruprashant"
"neutral","RT @VivekSubbiah: üéØü•Å Just in time publication for @ctosociety #CTOS2021 meeting @PestanaRC üëâ Discovery of targeted expression data for nove‚Ä¶","CureOncoApp"
"neutral","RT @icymi_r: üéâüóûÔ∏è  The November R Data Science Digest is out!  A list of 50+ #rstats posts and packages from the last 2 months.  üìä Check it‚Ä¶","marioalbertod_"
"neutral","RT @freeCodeCamp: Algorithms and data structures are two of the fundamental topics in computer science. \n\nAll programmers will encounter th‚Ä¶","DeusHerb"
"positive","@tcoreagain @jacobkschneider I agree completely Tracy !!!!Accurate numbers can always tell the story !!!!   Use tha‚Ä¶ https://t.co/eXtR1SKHgE","timlflood"
"positive","RT @milos_agathon: My new map shows the % of female researchers in Europe, according to UNESCO data. Link to the data source is in the map‚Ä¶","zaptohome"
"neutral","üéØü•Å Just in time publication for @ctosociety #CTOS2021 meeting @PestanaRC üëâ Discovery of targeted expression data fo‚Ä¶ https://t.co/WwS603nEnI","VivekSubbiah"
"positive","RT @milos_agathon: My new map shows the % of female researchers in Europe, according to UNESCO data. Link to the data source is in the map‚Ä¶","JonathanWille"
"neutral","RT @NSFVoyager2: Changed my data transmission rate from Science Cruise to Engineering Low (160 to 40 bps) FDS:MRO XB EL-40 (2021:311:131600‚Ä¶","jason_mullikin"
"neutral","@gorillapukes data science &amp; biz analytics ü§°","sn_balqis"
"positive","RT @milos_agathon: My new map shows the % of female researchers in Europe, according to UNESCO data. Link to the data source is in the map‚Ä¶","elsvalente"
"negative","RT @csuwildcat: How sick I am of people parroting inaccurate talking points instead of truly following the science and empirical data:‚Ä¶","Joffreybvn"
"positive","RT @Rishabh_055: 10 websites to learn Data Science And ML Concepts for free‚ú®üî•\n1Ô∏è‚É£ Kaggle\n2Ô∏è‚É£ W3Schools\n3Ô∏è‚É£ Tutorialspoint \n4Ô∏è‚É£ FreeCodeCamp‚Ä¶","RohithSundar05"
"positive","RT @freespiritus: 8/ @CDCofBC uses their BIASED data to justify keeping schools open &amp; say they‚Äôre safe. Data is suppressed so it‚Äôs difficu‚Ä¶","NurseShark4"
"positive","RT @freespiritus: 8/ @CDCofBC uses their BIASED data to justify keeping schools open &amp; say they‚Äôre safe. Data is suppressed so it‚Äôs difficu‚Ä¶","rmomo6"
"neutral","RT @NSFVoyager2: Changing my data transmission rate back to Science Cruise from Engineering Low (40 to 160 bps) FDS:MRO XB CR-5T (2021:311:‚Ä¶","ArthurKenway6"
"negative","RT @Ted_Underwood: The @iSchoolUI is hiring to fill several (3+) open-rank positions in data science and AI, broadly defined to include hum‚Ä¶","EazyOwl26"
"neutral","RT @NSFVoyager2: Changing my data transmission rate back to Science Cruise from Engineering Low (40 to 160 bps) FDS:MRO XB CR-5T (2021:311:‚Ä¶","karolykavakatch"
"positive","RT @idalail98916215: The Data Science Course 2022: Complete Data Science Bootcamp\n\nhttps://t.co/l2QhazL3Q6\n\n#DeepLearning #Analytics #DataS‚Ä¶","BotKoshur"
"positive","RT @idalail98916215: The Data Science Course 2022: Complete Data Science Bootcamp\n\nhttps://t.co/l2QhazL3Q6\n\n#DeepLearning #Analytics #DataS‚Ä¶","CodeWithTwitchi"
"neutral","RT @BigDataSpace: 4. Intro to Data Science for Managers [Mindmap] https://t.co/iU2VpqV81n","memoryacademyge"
"positive","RT @idalail98916215: The Data Science Course 2022: Complete Data Science Bootcamp\n\nhttps://t.co/l2QhazL3Q6\n\n#DeepLearning #Analytics #DataS‚Ä¶","ajalburaidi"
"neutral","RT @freeCodeCamp: Algorithms and data structures are two of the fundamental topics in computer science. \n\nAll programmers will encounter th‚Ä¶","DekiGk"
"positive","RT @Rishabh_055: 10 websites to learn Data Science And ML Concepts for free‚ú®üî•\n1Ô∏è‚É£ Kaggle\n2Ô∏è‚É£ W3Schools\n3Ô∏è‚É£ Tutorialspoint \n4Ô∏è‚É£ FreeCodeCamp‚Ä¶","hfa3981"
"positive","RT @freespiritus: 8/ @CDCofBC uses their BIASED data to justify keeping schools open &amp; say they‚Äôre safe. Data is suppressed so it‚Äôs difficu‚Ä¶","beansprouts_mom"
"neutral","@maryjmchenry @maryjmchenry, would you please share Pfizer's safety data as currently there are concerns how data i‚Ä¶ https://t.co/ljNCvZbnun","TT75561621"
"neutral","RT @TDataScience: Orchestrate a Data Science Project in Python With Prefect by @KhuyenTran16  https://t.co/N370uSLuNl","pricardoxavier"
"positive","TAKE A DUMP HIT THE START BUTTON MADONNA PEES A LOT COW DOGMORN COIN IN SWEET DATA SCIENCE LOOK OUT LSD LITECOIN KP‚Ä¶ https://t.co/HnsVq6cEAx","fakeTakeDump"
"positive","RT @milos_agathon: My new map shows the % of female researchers in Europe, according to UNESCO data. Link to the data source is in the map‚Ä¶","JoopHox"
"negative","Why does this over-simplified graphic using questionable data get so much coverage now? My younger friends just tak‚Ä¶ https://t.co/Wud7EGjNgX","sandy_brighton"
"positive","RT @FortuneMagazine: Through new tech and data science, farming operations are beginning to help fight climate change. #ad","Steffan99992160"
"positive","@MJPLanceW Big picture - an advanced research degree not strictly required.  Rather critical science thinking and data skills.","Dr_Weyand"
"positive","Complete Data Science Bootcamp #DeepLearning #learning via https://t.co/CDsfTZ2vJz https://t.co/U05eRDr9l7","JsPadoan"
"positive","@traceitback @CTVNews This shouldn‚Äôt be a political issue. The science is clear. This is a major issue and it will‚Ä¶ https://t.co/iyQJsTkqjs","dradammcleod"
"negative","RT @AndrewRenninger: #30DayMapChallenge | Red + Green\n\nIn the name of science, I ran 40 miles along the London canals and joined it to air‚Ä¶","30daymap_tweets"
"positive","@town_proud @johncardillo Any study that has ‚Äòhopes‚Äô is likely a failed study. I‚Äôm guessing that the studies showin‚Ä¶ https://t.co/E8iadWhZWS","gettysburgaddr2"
"neutral","RT @alexkyllo: Software engineering for data science is such a glaring, unsolved problem. I've worked for years at the intersection of the‚Ä¶","leriomaggio"
"positive","RT @BlandyFisher: When choosing sources for info, this article checks the boxes: large study, method and data sources are explained, author‚Ä¶","Peteyandpetee"
"neutral","RT @RaftoFoundation: On UN World Statistics Day we honor the work of 2021 Rafto Laureate @hrdag and their pioneering work in combining stat‚Ä¶","OiSchoyen"
"negative","#30DayMapChallenge | Red + Green\n\nIn the name of science, I ran 40 miles along the London canals and joined it to a‚Ä¶ https://t.co/Olkai5jdin","AndrewRenninger"
"positive","A unique US military medical simulation project connects real-time patient scenario data from different simulators‚Ä¶ https://t.co/VsEO6SorlH","3DSystemsHealth"
"positive","When anti-science posts like these are made, it begs the questions: who is checking the fact-checkers? \n\nBut more i‚Ä¶ https://t.co/Q6PUwcGVGZ","Data__Driven"
"positive","UNNATURAL BOWEL MOVEMENTS AND DIARRHEA FIRE. JUST FARTED ON PLANTING COMIC BOOKS SMURVES DATA SCIENCE A FEVER SNOWM‚Ä¶ https://t.co/nkfinOzwce","fakeTakeDump"
"neutral","@markthablue38 They have sports science and data mate prob showed Allan was flagging and needed coming off.","MrEverton1878"
"negative","RT @csuwildcat: How sick I am of people parroting inaccurate talking points instead of truly following the science and empirical data:‚Ä¶","BTCisHOW"
"positive","RT @milos_agathon: My new map shows the % of female researchers in Europe, according to UNESCO data. Link to the data source is in the map‚Ä¶","EduardoGJR"
"neutral","RT @freeCodeCamp: Algorithms and data structures are two of the fundamental topics in computer science. \n\nAll programmers will encounter th‚Ä¶","_Aghor"
"negative","@ineedmorecyber It's sad you hold this as a badge of pride.\n\nI have taught data science and am an architect for clo‚Ä¶ https://t.co/5sJqF22v2G","AslagVan"
"neutral","@danrosenbergnet @ColinDMello @maritstiles It is called making things up. This government does not deal in science, in facts, in data.","nisobel"
"neutral","RT @Fishguy_FHL: @CyrilPedia @DominickDicker7 The sentiment and the effects parallel my experience with giving away lots of CT data. The mo‚Ä¶","DominickDicker7"
"positive","RT @drStuartGilmour: If you want to see how excess deaths are actually calculated (when data is available), check out papers by some of my‚Ä¶","efemmera"
"neutral","RT @Fishguy_FHL: @CyrilPedia @DominickDicker7 The sentiment and the effects parallel my experience with giving away lots of CT data. The mo‚Ä¶","CyrilPedia"
"neutral","@KeillerDon @omnisophos @JsharkJill @PaulAtBillabong @JohnPisulaMBA @johnson_wrjohn1 @Zane1968 @DrDMurray1‚Ä¶ https://t.co/rtlgT70i7l","MartinBrampton"
"neutral","RT @MedicaliPhone: Expert, Plus Data Science Practice #MachineLearning #bigdata #learning via https://t.co/FkZqUUAkO6 https://t.co/FFJOvN39‚Ä¶","chidambara09"
"negative","GIRDLE FART BREATH. WEIRD. ENERGY YOURSELF A POPCORN TEDTALKS MOTORCYCLE IS APHID. CALLIGRAPHY DATA SCIENCE INCORRE‚Ä¶ https://t.co/1tLS6ZNCb7","fakeTakeDump"
"positive","RT @lawrennd: Very interesting discussion on future of the notebook.\n\nThe @ProjectJupyter notebook has been revolutionary in teaching data‚Ä¶","zehnpaard"
"neutral","@CyrilPedia @DominickDicker7 The sentiment and the effects parallel my experience with giving away lots of CT data.‚Ä¶ https://t.co/jZy6wlHhwX","Fishguy_FHL"
"neutral","Data science is a pseudoscience. It has got nothing to do with science. It should renamed to data engineering or something of that sort.","TrueSamanvay"
"positive","@BecomingDataSci Being a experimental particle physicist , we try to answer fundamental questions associated with e‚Ä¶ https://t.co/3sYT1ntHzg","sangal_aman"
"positive","RT @AIChatter: Salary Breakdown of the Top Data Science Jobs | #AI #ML https://t.co/xQvWfW05ih","gdprAI"
"neutral","üéß Listen to our #DataTalk podcast üéôüìäüìà with Laura E. Ribeiro about data science &amp; the quantified self.‚Ä¶ https://t.co/kmkFW8qkmD","ExperianDataLab"
"negative","ARTIFICIAL INTELLIGENCE SOUTH PARK SIGN AND MOON ROOF. YOU FARTED DEEP LEARNING SHIB BIRD DROPPING ARTIFICIAL INTEL‚Ä¶ https://t.co/NFOHY0sI4D","fakeTakeDump"
"negative","@John64376614 @reddit_TLCM This is irrespective of questionable data and the politicization of it all turning it in‚Ä¶ https://t.co/XfIeIqmV4z","Blunderbuckets"
"neutral","RT @Keisuke69: „ÇØ„É©„Ç¶„ÉâÈñãÁô∫„Å£„Å¶‰Ωï„Åã„Å®ÊÄù„Å£„Åü„ÇâÊù±Â§ß„ÅÆË¨õÁæ©ÂÜÖÂÆπ„Çâ„Åó„ÅÑ„ÄÇ‰ªä„Å£„Å¶Â§ßÂ≠¶„ÅßAWSÁøí„Å£„Åü„Çä„Åô„Çã„ÅÆ„Åã\n\nAWS„Åß„ÅØ„Åò„ÇÅ„Çã „ÇØ„É©„Ç¶„ÉâÈñãÁô∫ÂÖ•ÈñÄ (Compass Data Science) https://t.co/HlJLizJ5QV","hiroshima_pot"
"positive","Salary Breakdown of the Top Data Science Jobs | #AI #ML https://t.co/xQvWfW05ih","AIChatter"
"neutral","@dakiduck @Tabanstein @APFactCheck Memes vs data ‚Ä¶ shows who the science denier is ‚Ä¶ anti-mandatory injections !! T‚Ä¶ https://t.co/QHzlnm8uij","Akademiks516"
"negative","@SkyNewsBreak What‚Äôs missing in the Science and data? https://t.co/0qFvVP2wAk","Garnhiem_"
"positive","RT @milos_agathon: My new map shows the % of female researchers in Europe, according to UNESCO data. Link to the data source is in the map‚Ä¶","DragonLadyU2"
"positive","RT @IainLJBrown: #Insurance sector innovation in action in our SAS #DataScienceExperience. Watch Cov√©a's Ashley Piper explain #AI model int‚Ä¶","CodeWithTwitchi"
"positive","8/ @CDCofBC uses their BIASED data to justify keeping schools open &amp; say they‚Äôre safe. Data is suppressed so it‚Äôs d‚Ä¶ https://t.co/fu75Zz44Q1","freespiritus"
"positive","RT @IainLJBrown: #Insurance sector innovation in action in our SAS #DataScienceExperience. Watch Cov√©a's Ashley Piper explain #AI model int‚Ä¶","iPythonistaBot"
"neutral","RT @CoolerData: Master Class Inheritance in Python https://t.co/Y5hHxpavDi #WeWantData #Data #Insights #Innovation #BigData #Science #DeepL‚Ä¶","DataProNetwork"
"positive","RT @IainLJBrown: #Insurance sector innovation in action in our SAS #DataScienceExperience. Watch Cov√©a's Ashley Piper explain #AI model int‚Ä¶","CoderRetweet"
"neutral","RT @MarkHoliday17: @Klee34036780 @Emma34770971 @Flattielover @Audit50States @alshadowdancer @schmevil @jeff77531528 @EthanolFree90 @Jetson7‚Ä¶","PwrCane1"
"neutral","minha cabe√ßa t√° fritando com data science","badkindaplaywer"